Date;PCR
2019-10-07 00:00:00;1.75
2019-10-08 00:00:00;1.71
2019-10-09 00:00:00;2.3
2019-10-10 00:00:00;1.72
2019-10-11 00:00:00;1.77
2019-10-14 00:00:00;1.99
2019-10-15 00:00:00;1.97
2019-10-16 00:00:00;1.75
2019-10-17 00:00:00;1.6
2019-10-18 00:00:00;1.75
2019-10-21 00:00:00;1.72
2019-10-22 00:00:00;1.97
2019-10-23 00:00:00;1.81
2019-10-24 00:00:00;1.55
2019-10-25 00:00:00;1.41
2019-10-28 00:00:00;1.73
2019-10-29 00:00:00;1.97
2019-10-30 00:00:00;1.91
2019-10-31 00:00:00;1.72
2019-11-01 00:00:00;1.2
2019-11-04 00:00:00;1.18
2019-11-05 00:00:00;1.62
2019-11-06 00:00:00;1.7
2019-11-07 00:00:00;0.99
2019-11-08 00:00:00;1.89
2019-11-11 00:00:00;1.66
2019-11-12 00:00:00;1.85
2019-11-13 00:00:00;1.98
2019-11-14 00:00:00;1.97
2019-11-15 00:00:00;1.43
2019-11-18 00:00:00;1.4
2019-11-19 00:00:00;1.8
2019-11-20 00:00:00;1.96
2019-11-21 00:00:00;2.59
2019-11-22 00:00:00;2
2019-11-25 00:00:00;1.71
2019-11-26 00:00:00;1.58
2019-11-27 00:00:00;1.22
2019-11-29 00:00:00;2.03
2019-12-02 00:00:00;1.81
2019-12-03 00:00:00;1.65
2019-12-04 00:00:00;1.8
2019-12-05 00:00:00;2.01
2019-12-06 00:00:00;1.55
2019-12-09 00:00:00;2.3
2019-12-10 00:00:00;1.99
2019-12-11 00:00:00;1.67
2019-12-12 00:00:00;1.29
2019-12-13 00:00:00;1.85
2019-12-16 00:00:00;1.27
2019-12-17 00:00:00;1.53
2019-12-18 00:00:00;2.07
2019-12-19 00:00:00;1.35
2019-12-20 00:00:00;1.26
2019-12-23 00:00:00;1.52
2019-12-24 00:00:00;2.23
2019-12-26 00:00:00;1.9
2019-12-27 00:00:00;1.71
2019-12-30 00:00:00;1.46
2019-12-31 00:00:00;1.51
2020-01-02 00:00:00;1.88
2020-01-03 00:00:00;2.1
2020-01-06 00:00:00;1.89
2020-01-07 00:00:00;1.79
2020-01-08 00:00:00;1.51
2020-01-09 00:00:00;1.36
2020-01-10 00:00:00;1.99
2020-01-13 00:00:00;1.55
2020-01-14 00:00:00;1.73
2020-01-15 00:00:00;1.68
2020-01-16 00:00:00;1.62
2020-01-17 00:00:00;1.45
2020-01-21 00:00:00;1.88
2020-01-22 00:00:00;1.94
2020-01-23 00:00:00;1.97
2020-01-24 00:00:00;2.25
2020-01-27 00:00:00;1.95
2020-01-28 00:00:00;1.69
2020-01-29 00:00:00;2
2020-01-30 00:00:00;1.69
2020-01-31 00:00:00;1.82
2020-02-03 00:00:00;1.89
2020-02-04 00:00:00;1.7
2020-02-05 00:00:00;1.56
2020-02-06 00:00:00;1.52
2020-02-07 00:00:00;1.94
2020-02-10 00:00:00;1.83
2020-02-11 00:00:00;1.38
2020-02-12 00:00:00;1.76
2020-02-13 00:00:00;1.88
2020-02-14 00:00:00;1.67
2020-02-18 00:00:00;1.79
2020-02-19 00:00:00;2.04
2020-02-20 00:00:00;1.82
2020-02-21 00:00:00;2.08
2020-02-24 00:00:00;2.15
2020-02-25 00:00:00;2.38
2020-02-26 00:00:00;2.05
2020-02-27 00:00:00;2.35
2020-02-28 00:00:00;2.19
2020-03-02 00:00:00;1.54
2020-03-03 00:00:00;1.29
2020-03-04 00:00:00;1.33
2020-03-05 00:00:00;1.9
2020-03-06 00:00:00;2.29
2020-03-09 00:00:00;2.33
2020-03-10 00:00:00;1.9
2020-03-11 00:00:00;2.27
2020-03-12 00:00:00;1.56
2020-03-13 00:00:00;1.58
2020-03-16 00:00:00;1.75
2020-03-17 00:00:00;2.03
2020-03-18 00:00:00;2.48
2020-03-19 00:00:00;1.3
2020-03-20 00:00:00;1.42
2020-03-23 00:00:00;1.36
2020-03-24 00:00:00;1.16
2020-03-25 00:00:00;1.11
2020-03-26 00:00:00;1.44
2020-03-27 00:00:00;1.43
2020-03-30 00:00:00;1.38
2020-03-31 00:00:00;1.38
2020-04-01 00:00:00;1.63
2020-04-02 00:00:00;1.57
2020-04-03 00:00:00;1.72
2020-04-06 00:00:00;1.27
2020-04-07 00:00:00;1.12
2020-04-08 00:00:00;1.39
2020-04-09 00:00:00;1.27
2020-04-13 00:00:00;1.3
2020-04-14 00:00:00;1.31
2020-04-15 00:00:00;1.53
2020-04-16 00:00:00;1.55
2020-04-17 00:00:00;1.33
2020-04-20 00:00:00;1.54
2020-04-21 00:00:00;1.6
2020-04-22 00:00:00;1.41
2020-04-23 00:00:00;1.69
2020-04-24 00:00:00;1.5
2020-04-27 00:00:00;1.66
2020-04-28 00:00:00;1.61
2020-04-29 00:00:00;1.44
2020-04-30 00:00:00;1.62
2020-05-01 00:00:00;1.8
2020-05-04 00:00:00;1.46
2020-05-05 00:00:00;2.05
2020-05-06 00:00:00;1.7
2020-05-07 00:00:00;1.88
2020-05-08 00:00:00;1.6
2020-05-11 00:00:00;1.31
2020-05-12 00:00:00;1.72
2020-05-13 00:00:00;1.84
2020-05-14 00:00:00;1.55
2020-05-15 00:00:00;1.49
2020-05-18 00:00:00;1.24
2020-05-19 00:00:00;1.2
2020-05-20 00:00:00;1.34
2020-05-21 00:00:00;1.44
2020-05-22 00:00:00;1.5
2020-05-26 00:00:00;1.55
2020-05-27 00:00:00;1.4
2020-05-28 00:00:00;1.27
2020-05-29 00:00:00;1.4
2020-06-01 00:00:00;1.56
2020-06-02 00:00:00;1.41
2020-06-03 00:00:00;1.08
2020-06-04 00:00:00;1.76
2020-06-05 00:00:00;1.05
2020-06-08 00:00:00;1.07
2020-06-09 00:00:00;1.97
2020-06-10 00:00:00;1.38
2020-06-11 00:00:00;2.15
2020-06-12 00:00:00;1.89
2020-06-15 00:00:00;1.52
2020-06-16 00:00:00;1.57
2020-06-17 00:00:00;1.61
2020-06-18 00:00:00;2.02
2020-06-19 00:00:00;2
2020-06-22 00:00:00;1.97
2020-06-23 00:00:00;2.01
2020-06-24 00:00:00;1.47
2020-06-25 00:00:00;1.73
2020-06-26 00:00:00;1.74
2020-06-29 00:00:00;1.93
2020-06-30 00:00:00;1.57
2020-07-01 00:00:00;1.6
2020-07-02 00:00:00;1.73
2020-07-06 00:00:00;1.8
2020-07-07 00:00:00;2.01
2020-07-08 00:00:00;1.74
2020-07-09 00:00:00;1.83
2020-07-10 00:00:00;1.73
2020-07-13 00:00:00;1.73
2020-07-14 00:00:00;1.74
2020-07-15 00:00:00;1.28
2020-07-16 00:00:00;1.6
2020-07-17 00:00:00;1.93
2020-07-20 00:00:00;1.32
2020-07-21 00:00:00;1.75
2020-07-22 00:00:00;1.6
2020-07-23 00:00:00;2.09
2020-07-24 00:00:00;1.67
2020-07-27 00:00:00;1.68
2020-07-28 00:00:00;1.83
2020-07-29 00:00:00;1.47
2020-07-30 00:00:00;1.52
2020-07-31 00:00:00;1.68
2020-08-03 00:00:00;1.55
2020-08-04 00:00:00;1.76
2020-08-05 00:00:00;1.36
2020-08-06 00:00:00;1.6
2020-08-07 00:00:00;1.79
2020-08-10 00:00:00;1.66
2020-08-11 00:00:00;1.93
2020-08-12 00:00:00;1.57
2020-08-13 00:00:00;1.89
2020-08-14 00:00:00;1.68
2020-08-17 00:00:00;1.51
2020-08-18 00:00:00;1.64
2020-08-19 00:00:00;1.79
2020-08-20 00:00:00;1.61
2020-08-21 00:00:00;1.64
2020-08-24 00:00:00;1.76
2020-08-25 00:00:00;1.46
2020-08-26 00:00:00;1.11
2020-08-27 00:00:00;1.32
2020-08-28 00:00:00;1.66
2020-08-31 00:00:00;1.73
2020-09-01 00:00:00;1.61
2020-09-02 00:00:00;1.43
2020-09-03 00:00:00;1.75
2020-09-04 00:00:00;1.79
2020-09-08 00:00:00;1.74
2020-09-09 00:00:00;1.52
2020-09-10 00:00:00;1.37
2020-09-11 00:00:00;1.58
2020-09-14 00:00:00;1.77
2020-09-15 00:00:00;1.59
2020-09-16 00:00:00;1.75
2020-09-17 00:00:00;1.85
2020-09-18 00:00:00;1.71
2020-09-21 00:00:00;1.66
2020-09-22 00:00:00;1.92
2020-09-23 00:00:00;1.55
2020-09-24 00:00:00;1.67
2020-09-25 00:00:00;1.56
2020-09-28 00:00:00;1.51
2020-09-29 00:00:00;1.6
2020-09-30 00:00:00;1.4
2020-10-01 00:00:00;1.6
2020-10-02 00:00:00;1.71
2020-10-05 00:00:00;1.5
2020-10-06 00:00:00;1.66
2020-10-07 00:00:00;1.62
2020-10-08 00:00:00;1.81
2020-10-09 00:00:00;1.54
2020-10-12 00:00:00;1.22
2020-10-13 00:00:00;2.04
2020-10-14 00:00:00;1.41
2020-10-15 00:00:00;1.6
2020-10-16 00:00:00;1.5
2020-10-19 00:00:00;1.61
2020-10-20 00:00:00;1.48
2020-10-21 00:00:00;1.74
2020-10-22 00:00:00;1.62
2020-10-23 00:00:00;1.77
2020-10-26 00:00:00;1.37
2020-10-27 00:00:00;1.39
2020-10-28 00:00:00;1.41
2020-10-29 00:00:00;1.73
2020-10-30 00:00:00;1.19
2020-11-02 00:00:00;1.46
2020-11-03 00:00:00;1.42
2020-11-04 00:00:00;1.54
2020-11-05 00:00:00;1.9
2020-11-06 00:00:00;2.02
2020-11-09 00:00:00;1.52
2020-11-10 00:00:00;2.26
2020-11-11 00:00:00;1.9
2020-11-12 00:00:00;1.92
2020-11-13 00:00:00;1.53
2020-11-16 00:00:00;1.51
2020-11-17 00:00:00;1.58
2020-11-18 00:00:00;1.75
2020-11-19 00:00:00;1.46
2020-11-20 00:00:00;1.89
2020-11-23 00:00:00;1.54
2020-11-24 00:00:00;1.76
2020-11-25 00:00:00;1.81
2020-11-27 00:00:00;2.19
2020-11-30 00:00:00;1.64
2020-12-01 00:00:00;1.86
2020-12-02 00:00:00;1.54
2020-12-03 00:00:00;1.82
2020-12-04 00:00:00;1.68
2020-12-07 00:00:00;1.74
2020-12-08 00:00:00;1.52
2020-12-09 00:00:00;1.63
2020-12-10 00:00:00;1.69
2020-12-11 00:00:00;1.88
2020-12-14 00:00:00;2.17
2020-12-15 00:00:00;2.01
2020-12-16 00:00:00;1.79
2020-12-17 00:00:00;1.74
2020-12-18 00:00:00;1.68
2020-12-21 00:00:00;1.42
2020-12-22 00:00:00;1.69
2020-12-23 00:00:00;1.61
2020-12-24 00:00:00;1.52
2020-12-28 00:00:00;1.42
2020-12-29 00:00:00;1.55
2020-12-30 00:00:00;1.66
2020-12-31 00:00:00;1.64
2021-01-04 00:00:00;1.77
2021-01-05 00:00:00;1.95
2021-01-06 00:00:00;1.64
2021-01-07 00:00:00;1.53
2021-01-08 00:00:00;1.66
2021-01-11 00:00:00;2.16
2021-01-12 00:00:00;2.05
2021-01-13 00:00:00;1.6
2021-01-14 00:00:00;1.67
2021-01-15 00:00:00;1.68
2021-01-19 00:00:00;2.09
2021-01-20 00:00:00;1.39
2021-01-21 00:00:00;2.1
2021-01-22 00:00:00;1.62
2021-01-25 00:00:00;2.09
2021-01-26 00:00:00;2.35
2021-01-27 00:00:00;1.82
2021-01-28 00:00:00;1.84
2021-01-29 00:00:00;1.71
2021-02-01 00:00:00;1.83
2021-02-02 00:00:00;1.98
2021-02-03 00:00:00;1.77
2021-02-04 00:00:00;1.74
2021-02-05 00:00:00;1.64
2021-02-08 00:00:00;1.61
2021-02-09 00:00:00;2.33
2021-02-10 00:00:00;1.57
2021-02-11 00:00:00;1.86
2021-02-12 00:00:00;1.7
2021-02-16 00:00:00;1.89
2021-02-17 00:00:00;1.8
2021-02-18 00:00:00;1.66
2021-02-19 00:00:00;1.99
2021-02-22 00:00:00;1.66
2021-02-23 00:00:00;1.64
2021-02-24 00:00:00;1.35
2021-02-25 00:00:00;1.82
2021-02-26 00:00:00;1.71
2021-03-01 00:00:00;1.65
2021-03-02 00:00:00;1.96
2021-03-03 00:00:00;1.49
2021-03-04 00:00:00;1.43
2021-03-05 00:00:00;1.49
2021-03-08 00:00:00;1.69
2021-03-09 00:00:00;1.89
2021-03-10 00:00:00;1.63
2021-03-11 00:00:00;1.42
2021-03-12 00:00:00;1.76
2021-03-15 00:00:00;1.45
2021-03-16 00:00:00;1.61
2021-03-17 00:00:00;1.44
2021-03-18 00:00:00;1.49
2021-03-19 00:00:00;1.46
2021-03-22 00:00:00;1.46
2021-03-23 00:00:00;1.61
2021-03-24 00:00:00;1.46
2021-03-25 00:00:00;1.51
2021-03-26 00:00:00;1.68
2021-03-29 00:00:00;1.51
2021-03-30 00:00:00;1.47
2021-03-31 00:00:00;1.27
2021-04-01 00:00:00;1.55
2021-04-05 00:00:00;1.39
2021-04-06 00:00:00;1.8
2021-04-07 00:00:00;1.74
2021-04-08 00:00:00;1.74
2021-04-09 00:00:00;1.53
2021-04-12 00:00:00;1.62
2021-04-13 00:00:00;1.59
2021-04-14 00:00:00;1.7
2021-04-15 00:00:00;1.38
2021-04-16 00:00:00;1.5
2021-04-19 00:00:00;1.9
2021-04-20 00:00:00;1.77
2021-04-21 00:00:00;1.54
2021-04-22 00:00:00;1.83
2021-04-23 00:00:00;1.6
2021-04-26 00:00:00;1.61
2021-04-27 00:00:00;1.89
2021-04-28 00:00:00;1.7
2021-04-29 00:00:00;1.49
2021-04-30 00:00:00;1.74
2021-05-03 00:00:00;1.76
2021-05-04 00:00:00;1.62
2021-05-05 00:00:00;1.91
2021-05-06 00:00:00;1.8
2021-05-07 00:00:00;1.76
2021-05-10 00:00:00;2.05
2021-05-11 00:00:00;2.03
2021-05-12 00:00:00;1.93
2021-05-13 00:00:00;2.27
2021-05-14 00:00:00;2.01
2021-05-17 00:00:00;2.17
2021-05-18 00:00:00;2.33
2021-05-19 00:00:00;1.76
2021-05-20 00:00:00;1.87
2021-05-21 00:00:00;1.76
2021-05-24 00:00:00;1.74
2021-05-25 00:00:00;1.73
2021-05-26 00:00:00;1.8
2021-05-27 00:00:00;1.93
2021-05-28 00:00:00;1.84
2021-06-01 00:00:00;1.81
2021-06-02 00:00:00;1.86
2021-06-03 00:00:00;1.63
2021-06-04 00:00:00;1.87
2021-06-07 00:00:00;1.83
2021-06-08 00:00:00;2.37
2021-06-09 00:00:00;1.74
2021-06-10 00:00:00;1.74
2021-06-11 00:00:00;1.82
2021-06-14 00:00:00;2.03
2021-06-15 00:00:00;1.84
2021-06-16 00:00:00;2.02
2021-06-17 00:00:00;1.86
2021-06-18 00:00:00;1.95
2021-06-21 00:00:00;1.77
2021-06-22 00:00:00;1.84
2021-06-23 00:00:00;1.88
2021-06-24 00:00:00;1.92
2021-06-25 00:00:00;1.68
2021-06-28 00:00:00;1.92
2021-06-29 00:00:00;1.86
2021-06-30 00:00:00;1.61
2021-07-01 00:00:00;1.98
2021-07-02 00:00:00;1.52
2021-07-06 00:00:00;1.9
2021-07-07 00:00:00;1.7
2021-07-08 00:00:00;1.87
2021-07-09 00:00:00;1.56
2021-07-12 00:00:00;2.08
2021-07-13 00:00:00;2.39
2021-07-14 00:00:00;1.83
2021-07-15 00:00:00;1.88
2021-07-16 00:00:00;2.2
2021-07-19 00:00:00;2.42
2021-07-20 00:00:00;1.75
2021-07-21 00:00:00;1.92
2021-07-22 00:00:00;1.69
2021-07-23 00:00:00;1.38
2021-07-26 00:00:00;1.9
2021-07-27 00:00:00;1.79
2021-07-28 00:00:00;1.87
2021-07-29 00:00:00;1.7
2021-07-30 00:00:00;1.79
2021-08-02 00:00:00;2.1
2021-08-03 00:00:00;1.52
2021-08-04 00:00:00;1.94
2021-08-05 00:00:00;2.17
2021-08-06 00:00:00;1.95
2021-08-09 00:00:00;2.05
2021-08-10 00:00:00;1.82
2021-08-11 00:00:00;1.81
2021-08-12 00:00:00;1.81
2021-08-13 00:00:00;2.38
2021-08-16 00:00:00;1.65
2021-08-17 00:00:00;1.95
2021-08-18 00:00:00;2.15
2021-08-19 00:00:00;2.02
2021-08-20 00:00:00;2
2021-08-23 00:00:00;1.74
2021-08-24 00:00:00;1.87
2021-08-25 00:00:00;2.02
2021-08-26 00:00:00;1.98
2021-08-27 00:00:00;2.08
2021-08-30 00:00:00;1.72
2021-08-31 00:00:00;1.94
2021-09-01 00:00:00;2.05
2021-09-02 00:00:00;1.72
2021-09-03 00:00:00;2.25
2021-09-07 00:00:00;2.15
2021-09-08 00:00:00;2.07
2021-09-09 00:00:00;1.85
2021-09-10 00:00:00;2.27
2021-09-13 00:00:00;2.27
2021-09-14 00:00:00;1.73
2021-09-15 00:00:00;1.88
2021-09-16 00:00:00;1.93
2021-09-17 00:00:00;1.91
2021-09-20 00:00:00;1.9
2021-09-21 00:00:00;1.91
2021-09-22 00:00:00;1.8
2021-09-23 00:00:00;1.78
2021-09-24 00:00:00;2.05
2021-09-27 00:00:00;2.26
2021-09-28 00:00:00;1.94
2021-09-29 00:00:00;1.63
2021-09-30 00:00:00;1.62
2021-10-01 00:00:00;1.49
2021-10-04 00:00:00;1.78
2021-10-05 00:00:00;1.67
2021-10-06 00:00:00;1.46
2021-10-07 00:00:00;1.78
2021-10-08 00:00:00;2.11
2021-10-11 00:00:00;1.88
2021-10-12 00:00:00;1.73
2021-10-13 00:00:00;2.04
2021-10-14 00:00:00;1.57
2021-10-15 00:00:00;1.68
2021-10-18 00:00:00;1.94
2021-10-19 00:00:00;1.7
2021-10-20 00:00:00;1.62
2021-10-21 00:00:00;1.81
2021-10-22 00:00:00;1.74
2021-10-25 00:00:00;1.65
2021-10-26 00:00:00;1.79
2021-10-27 00:00:00;1.67
2021-10-28 00:00:00;1.61
2021-10-29 00:00:00;1.86
2021-11-01 00:00:00;1.85
2021-11-02 00:00:00;2
2021-11-03 00:00:00;1.5
2021-11-04 00:00:00;1.99
2021-11-05 00:00:00;1.58
2021-11-08 00:00:00;2.02
2021-11-09 00:00:00;1.84
2021-11-10 00:00:00;1.86
2021-11-11 00:00:00;1.8
2021-11-12 00:00:00;1.82
2021-11-15 00:00:00;1.92
2021-11-16 00:00:00;1.71
2021-11-17 00:00:00;1.71
2021-11-18 00:00:00;1.82
2021-11-19 00:00:00;2.18
2021-11-22 00:00:00;1.61
2021-11-23 00:00:00;1.89
2021-11-24 00:00:00;1.89
2021-11-26 00:00:00;2.29
2021-11-29 00:00:00;2.07
2021-11-30 00:00:00;1.87
2021-12-01 00:00:00;2.13
2021-12-02 00:00:00;2.11
2021-12-03 00:00:00;2.23
2021-12-06 00:00:00;2.38
2021-12-07 00:00:00;1.84
2021-12-08 00:00:00;2.1
2021-12-09 00:00:00;2.18
2021-12-10 00:00:00;2.42
2021-12-13 00:00:00;2.05
2021-12-14 00:00:00;1.51
2021-12-15 00:00:00;1.64
2021-12-16 00:00:00;1.61
2021-12-17 00:00:00;1.82
2021-12-20 00:00:00;1.76
2021-12-21 00:00:00;2.14
2021-12-22 00:00:00;1.46
2021-12-23 00:00:00;1.61
2021-12-27 00:00:00;1.38
2021-12-28 00:00:00;1.51
2021-12-29 00:00:00;1.72
2021-12-30 00:00:00;1.68
2021-12-31 00:00:00;1.49
2022-01-03 00:00:00;1.79
2022-01-04 00:00:00;2.02
2022-01-05 00:00:00;2.09
2022-01-06 00:00:00;1.75
2022-01-07 00:00:00;1.86
2022-01-10 00:00:00;1.71
2022-01-11 00:00:00;1.51
2022-01-12 00:00:00;1.44
2022-01-13 00:00:00;1.85
2022-01-14 00:00:00;1.88
2022-01-18 00:00:00;1.75
2022-01-19 00:00:00;1.66
2022-01-20 00:00:00;1.77
2022-01-21 00:00:00;1.75
2022-01-24 00:00:00;1.97
2022-01-25 00:00:00;1.44
2022-01-26 00:00:00;1.64
2022-01-27 00:00:00;1.77
2022-01-28 00:00:00;1.44
2022-01-31 00:00:00;1.59
2022-02-01 00:00:00;1.56
2022-02-02 00:00:00;1.43
2022-02-03 00:00:00;1.75
2022-02-04 00:00:00;1.45
2022-02-07 00:00:00;1.57
2022-02-08 00:00:00;1.73
2022-02-09 00:00:00;1.51
2022-02-10 00:00:00;1.61
2022-02-11 00:00:00;2.02
2022-02-14 00:00:00;1.76
2022-02-15 00:00:00;2.07
2022-02-16 00:00:00;1.65
2022-02-17 00:00:00;1.46
2022-02-18 00:00:00;1.54
2022-02-22 00:00:00;1.39
2022-02-23 00:00:00;1.2
2022-02-24 00:00:00;1.57
2022-02-25 00:00:00;1.3
2022-02-28 00:00:00;1.5
2022-03-01 00:00:00;1.63
2022-03-02 00:00:00;1.71
2022-03-03 00:00:00;1.48
2022-03-04 00:00:00;2
2022-03-07 00:00:00;1.85
2022-03-08 00:00:00;1.8
2022-03-09 00:00:00;1.64
2022-03-10 00:00:00;1.38
2022-03-11 00:00:00;1.86
2022-03-14 00:00:00;1.81
2022-03-15 00:00:00;1.92
2022-03-16 00:00:00;1.56
2022-03-17 00:00:00;1.5
2022-03-18 00:00:00;1.45
2022-03-21 00:00:00;1.69
2022-03-22 00:00:00;1.9
2022-03-23 00:00:00;1.78
2022-03-24 00:00:00;1.77
2022-03-25 00:00:00;1.85
2022-03-28 00:00:00;1.9
2022-03-29 00:00:00;1.61
2022-03-30 00:00:00;1.73
2022-03-31 00:00:00;1.74
2022-04-01 00:00:00;1.79
2022-04-04 00:00:00;1.82
2022-04-05 00:00:00;2.12
2022-04-06 00:00:00;1.59
2022-04-07 00:00:00;1.58
2022-04-08 00:00:00;1.78
2022-04-11 00:00:00;1.9
2022-04-12 00:00:00;1.86
2022-04-13 00:00:00;1.63
2022-04-14 00:00:00;1.79
2022-04-18 00:00:00;1.84
2022-04-19 00:00:00;1.59
2022-04-20 00:00:00;1.76
2022-04-21 00:00:00;2.07
2022-04-22 00:00:00;1.98
2022-04-25 00:00:00;1.71
2022-04-26 00:00:00;1.53
2022-04-27 00:00:00;1.82
2022-04-28 00:00:00;1.64
2022-04-29 00:00:00;1.95
2022-05-02 00:00:00;1.69
2022-05-03 00:00:00;1.66
2022-05-04 00:00:00;1.54
2022-05-05 00:00:00;1.65
2022-05-06 00:00:00;1.59
2022-05-09 00:00:00;1.61
2022-05-10 00:00:00;1.36
2022-05-11 00:00:00;1.65
2022-05-12 00:00:00;2.01
2022-05-13 00:00:00;1.51
2022-05-16 00:00:00;1.8
2022-05-17 00:00:00;1.37
2022-05-18 00:00:00;1.82
2022-05-19 00:00:00;1.54
2022-05-20 00:00:00;1.67
2022-05-23 00:00:00;1.55
2022-05-24 00:00:00;1.37
2022-05-25 00:00:00;1.37
2022-05-26 00:00:00;1.27
2022-05-27 00:00:00;1.43
2022-05-31 00:00:00;1.31
2022-06-01 00:00:00;1.6
2022-06-02 00:00:00;1.37
2022-06-03 00:00:00;1.54
2022-06-06 00:00:00;1.57
2022-06-07 00:00:00;1.44
2022-06-08 00:00:00;1.37
2022-06-09 00:00:00;1.56
2022-06-10 00:00:00;1.76
2022-06-13 00:00:00;1.83
2022-06-14 00:00:00;1.36
2022-06-15 00:00:00;1.47
2022-06-16 00:00:00;1.71
2022-06-17 00:00:00;1.42
2022-06-21 00:00:00;1.34
2022-06-22 00:00:00;1.3
2022-06-23 00:00:00;1.35
2022-06-24 00:00:00;1.45
2022-06-27 00:00:00;1.43
2022-06-28 00:00:00;1.47
2022-06-29 00:00:00;1.3
2022-06-30 00:00:00;1.21
2022-07-01 00:00:00;1.43
2022-07-05 00:00:00;1.33
2022-07-06 00:00:00;1.33
2022-07-07 00:00:00;1.24
2022-07-08 00:00:00;1.45
2022-07-11 00:00:00;1.49
2022-07-12 00:00:00;1.46
2022-07-13 00:00:00;1.36
2022-07-14 00:00:00;1.28
2022-07-15 00:00:00;1.3
2022-07-18 00:00:00;1.55
2022-07-19 00:00:00;1.13
2022-07-20 00:00:00;1.36
2022-07-21 00:00:00;1.4
2022-07-22 00:00:00;1.58
2022-07-25 00:00:00;1.53
2022-07-26 00:00:00;1.4
2022-07-27 00:00:00;1.36
2022-07-28 00:00:00;1.38
2022-07-29 00:00:00;1.36
2022-08-01 00:00:00;1.53
2022-08-02 00:00:00;1.44
2022-08-03 00:00:00;1.19
2022-08-04 00:00:00;1.34
2022-08-05 00:00:00;1.49
2022-08-08 00:00:00;1.63
2022-08-09 00:00:00;1.44
2022-08-10 00:00:00;1.49
2022-08-11 00:00:00;1.35
2022-08-12 00:00:00;1.52
2022-08-15 00:00:00;1.23
2022-08-16 00:00:00;1.25
2022-08-17 00:00:00;1.32
2022-08-18 00:00:00;1.29
2022-08-19 00:00:00;1.43
2022-08-22 00:00:00;1.56
2022-08-23 00:00:00;1.3
2022-08-24 00:00:00;1.3
2022-08-25 00:00:00;1.16
2022-08-26 00:00:00;1.41
2022-08-29 00:00:00;1.49
2022-08-30 00:00:00;1.47
2022-08-31 00:00:00;1.46
2022-09-01 00:00:00;1.28
2022-09-02 00:00:00;1.53
2022-09-06 00:00:00;1.5
2022-09-07 00:00:00;1.26
2022-09-08 00:00:00;1.21
2022-09-09 00:00:00;1.36
2022-09-12 00:00:00;1.58
2022-09-13 00:00:00;1.64
2022-09-14 00:00:00;1.54
2022-09-15 00:00:00;1.48
2022-09-16 00:00:00;1.5
2022-09-19 00:00:00;1.36
2022-09-20 00:00:00;1.27
2022-09-21 00:00:00;1.27
2022-09-22 00:00:00;1.52
2022-09-23 00:00:00;1.71
2022-09-26 00:00:00;1.54
2022-09-27 00:00:00;1.69
2022-09-28 00:00:00;1.35
2022-09-29 00:00:00;1.4
2022-09-30 00:00:00;1.41
2022-10-03 00:00:00;1.2
2022-10-04 00:00:00;1.28
2022-10-05 00:00:00;1.03
2022-10-06 00:00:00;1.27
2022-10-07 00:00:00;1.17
2022-10-10 00:00:00;1.24
2022-10-11 00:00:00;1.23
2022-10-12 00:00:00;1.31
2022-10-13 00:00:00;1.26
2022-10-14 00:00:00;1.48
2022-10-17 00:00:00;1.49
2022-10-18 00:00:00;1.31
2022-10-19 00:00:00;1.39
2022-10-20 00:00:00;1.34
2022-10-21 00:00:00;1.35
2022-10-24 00:00:00;1.36
2022-10-25 00:00:00;1.23
2022-10-26 00:00:00;1.3
2022-10-27 00:00:00;1.46
2022-10-28 00:00:00;1.15
2022-10-31 00:00:00;1.31
2022-11-01 00:00:00;1.29
2022-11-02 00:00:00;1.46
2022-11-03 00:00:00;1.55
2022-11-04 00:00:00;1.47
2022-11-07 00:00:00;1.28
2022-11-08 00:00:00;1.24
2022-11-09 00:00:00;1.32
2022-11-10 00:00:00;1.38
2022-11-11 00:00:00;1.25
2022-11-14 00:00:00;1.3
2022-11-15 00:00:00;1.38
2022-11-16 00:00:00;1.42
2022-11-17 00:00:00;1.4
2022-11-18 00:00:00;1.37
2022-11-21 00:00:00;1.33
2022-11-22 00:00:00;1.38
2022-11-23 00:00:00;1.49
2022-11-25 00:00:00;1.57
2022-11-28 00:00:00;1.56
2022-11-29 00:00:00;1.6
2022-11-30 00:00:00;1.32
2022-12-01 00:00:00;1.31
2022-12-02 00:00:00;1.21
2022-12-05 00:00:00;1.44
2022-12-06 00:00:00;1.44
2022-12-07 00:00:00;1.39
2022-12-08 00:00:00;1.25
2022-12-09 00:00:00;1.42
2022-12-12 00:00:00;1.39
2022-12-13 00:00:00;1.27
2022-12-14 00:00:00;1.36
2022-12-15 00:00:00;1.64
2022-12-16 00:00:00;1.47
2022-12-19 00:00:00;1.42
2022-12-20 00:00:00;1.39
2022-12-21 00:00:00;1.29
2022-12-22 00:00:00;1.31
2022-12-23 00:00:00;1.31
2022-12-27 00:00:00;1.25
2022-12-28 00:00:00;1.38
2022-12-29 00:00:00;1.26
2022-12-30 00:00:00;1.56
2023-01-03 00:00:00;1.46
2023-01-04 00:00:00;1.47
2023-01-05 00:00:00;1.26
2023-01-06 00:00:00;1.22
2023-01-09 00:00:00;1.27
2023-01-10 00:00:00;1.32
2023-01-11 00:00:00;1.34
2023-01-12 00:00:00;1.34
2023-01-13 00:00:00;1.48
2023-01-17 00:00:00;1.45
2023-01-18 00:00:00;1.39
2023-01-19 00:00:00;1.27
2023-01-20 00:00:00;1.2
2023-01-23 00:00:00;1.26
2023-01-24 00:00:00;1.4
2023-01-25 00:00:00;1.28
2023-01-26 00:00:00;1.17
2023-01-27 00:00:00;1.41
2023-01-30 00:00:00;1.31
2023-01-31 00:00:00;1.34
2023-02-01 00:00:00;1.28
2023-02-02 00:00:00;1.28
2023-02-03 00:00:00;1.37
2023-02-06 00:00:00;1.34
2023-02-07 00:00:00;1.19
2023-02-08 00:00:00;1.28
2023-02-09 00:00:00;1.4
2023-02-10 00:00:00;1.42
2023-02-13 00:00:00;1.45
2023-02-14 00:00:00;1.46
2023-02-15 00:00:00;1.52
2023-02-16 00:00:00;1.49
2023-02-17 00:00:00;1.61
2023-02-21 00:00:00;1.33
2023-02-22 00:00:00;1.52
2023-02-23 00:00:00;1.42
2023-02-24 00:00:00;1.45
2023-02-27 00:00:00;1.46
2023-02-28 00:00:00;1.4
2023-03-01 00:00:00;1.35
2023-03-02 00:00:00;1.3
2023-03-03 00:00:00;1.33
2023-03-06 00:00:00;1.34
2023-03-07 00:00:00;1.3
2023-03-08 00:00:00;1.31
2023-03-09 00:00:00;1.49
2023-03-10 00:00:00;1.89
2023-03-13 00:00:00;1.51
2023-03-14 00:00:00;1.4
2023-03-15 00:00:00;1.4
2023-03-16 00:00:00;1.24
2023-03-17 00:00:00;1.46
2023-03-20 00:00:00;1.47
2023-03-21 00:00:00;1.43
2023-03-22 00:00:00;1.49
2023-03-23 00:00:00;1.52
2023-03-24 00:00:00;1.5
2023-03-27 00:00:00;1.38
2023-03-28 00:00:00;1.39
2023-03-29 00:00:00;1.22
2023-03-30 00:00:00;1.35
2023-03-31 00:00:00;1.32
2023-04-03 00:00:00;1.32
2023-04-04 00:00:00;1.43
2023-04-05 00:00:00;1.4
2023-04-06 00:00:00;1.57
2023-04-10 00:00:00;1.52
2023-04-11 00:00:00;1.45
2023-04-12 00:00:00;1.33
2023-04-13 00:00:00;1.29
2023-04-14 00:00:00;1.35
2023-04-17 00:00:00;1.49
2023-04-18 00:00:00;1.45
2023-04-19 00:00:00;1.64
2023-04-20 00:00:00;1.39
2023-04-21 00:00:00;1.41
2023-04-24 00:00:00;1.33
2023-04-25 00:00:00;1.46
2023-04-26 00:00:00;1.31
2023-04-27 00:00:00;1.26
2023-04-28 00:00:00;1.27
2023-05-01 00:00:00;1.29
2023-05-02 00:00:00;1.4
2023-05-03 00:00:00;1.36
2023-05-04 00:00:00;1.39
2023-05-05 00:00:00;1.29
2023-05-08 00:00:00;1.45
2023-05-09 00:00:00;1.35
2023-05-10 00:00:00;1.29
2023-05-11 00:00:00;1.39
2023-05-12 00:00:00;1.38
2023-05-15 00:00:00;1.37
2023-05-16 00:00:00;1.5
2023-05-17 00:00:00;1.26
2023-05-18 00:00:00;1.18
2023-05-19 00:00:00;1.38
2023-05-22 00:00:00;1.44
2023-05-23 00:00:00;1.38
2023-05-24 00:00:00;1.32
2023-05-25 00:00:00;1.21
2023-05-26 00:00:00;1.38
2023-05-30 00:00:00;1.38
2023-05-31 00:00:00;1.38
2023-06-01 00:00:00;1.32
2023-06-02 00:00:00;1.21
2023-06-05 00:00:00;1.32
2023-06-06 00:00:00;1.33
2023-06-07 00:00:00;1.25
2023-06-08 00:00:00;1.25
2023-06-09 00:00:00;1.28
2023-06-12 00:00:00;1.34
2023-06-13 00:00:00;1.24
2023-06-14 00:00:00;1.28
2023-06-15 00:00:00;1.24
2023-06-16 00:00:00;1.45
2023-06-20 00:00:00;1.51
2023-06-21 00:00:00;1.46
2023-06-22 00:00:00;1.24
2023-06-23 00:00:00;1.34
2023-06-26 00:00:00;1.38
2023-06-27 00:00:00;1.36
2023-06-28 00:00:00;1.21
2023-06-29 00:00:00;1.24
2023-06-30 00:00:00;1.4
2023-07-03 00:00:00;1.52
2023-07-05 00:00:00;1.54
2023-07-06 00:00:00;1.33
2023-07-07 00:00:00;1.31
2023-07-10 00:00:00;1.3
2023-07-11 00:00:00;1.22
2023-07-12 00:00:00;1.27
2023-07-13 00:00:00;1.31
2023-07-14 00:00:00;1.48
2023-07-17 00:00:00;1.52
2023-07-18 00:00:00;1.32
2023-07-19 00:00:00;1.34
2023-07-20 00:00:00;1.38
2023-07-21 00:00:00;1.43
2023-07-24 00:00:00;1.44
2023-07-25 00:00:00;1.34
2023-07-26 00:00:00;1.6
2023-07-27 00:00:00;1.37
2023-07-28 00:00:00;1.3
2023-07-31 00:00:00;1.45
2023-08-01 00:00:00;1.32
2023-08-02 00:00:00;1.42
2023-08-03 00:00:00;1.43
2023-08-04 00:00:00;1.45
2023-08-07 00:00:00;1.51
2023-08-08 00:00:00;1.33
2023-08-09 00:00:00;1.32
2023-08-10 00:00:00;1.36
2023-08-11 00:00:00;1.43
2023-08-14 00:00:00;1.39
2023-08-15 00:00:00;1.41
2023-08-16 00:00:00;1.44
2023-08-17 00:00:00;1.52
2023-08-18 00:00:00;1.62
2023-08-21 00:00:00;1.32
2023-08-22 00:00:00;1.3
2023-08-23 00:00:00;1.48
2023-08-24 00:00:00;1.35
2023-08-25 00:00:00;1.39
2023-08-28 00:00:00;1.37
2023-08-29 00:00:00;1.23
2023-08-30 00:00:00;1.3
2023-08-31 00:00:00;1.46
2023-09-01 00:00:00;1.54
2023-09-05 00:00:00;1.45
2023-09-06 00:00:00;1.46
2023-09-07 00:00:00;1.43
2023-09-08 00:00:00;1.54
2023-09-11 00:00:00;1.48
2023-09-12 00:00:00;1.2
2023-09-13 00:00:00;1.47
2023-09-14 00:00:00;1.48
2023-09-15 00:00:00;1.44
2023-09-18 00:00:00;1.43
2023-09-19 00:00:00;1.32
2023-09-20 00:00:00;1.47
2023-09-21 00:00:00;1.45
2023-09-22 00:00:00;1.57
2023-09-25 00:00:00;1.55
2023-09-26 00:00:00;1.4
2023-09-27 00:00:00;1.37
2023-09-28 00:00:00;1.35
2023-09-29 00:00:00;1.35
2023-10-02 00:00:00;1.36
2023-10-03 00:00:00;1.49
2023-10-04 00:00:00;1.44
2023-10-05 00:00:00;1.36
2023-10-06 00:00:00;1.23
2023-10-09 00:00:00;1.35
2023-10-10 00:00:00;1.35
2023-10-11 00:00:00;1.35
2023-10-12 00:00:00;1.21
2023-10-13 00:00:00;1.69
2023-10-16 00:00:00;1.4
2023-10-17 00:00:00;1.3
2023-10-18 00:00:00;1.53
2023-10-19 00:00:00;1.38
2023-10-20 00:00:00;1.27
2023-10-23 00:00:00;1.39
2023-10-24 00:00:00;1.29
2023-10-25 00:00:00;1.38
2023-10-26 00:00:00;1.35
2023-10-27 00:00:00;1.55
2023-10-30 00:00:00;1.38
2023-10-31 00:00:00;1.33
2023-11-01 00:00:00;1.36
2023-11-02 00:00:00;1.2
2023-11-03 00:00:00;1.17
2023-11-06 00:00:00;1.42
2023-11-07 00:00:00;1.2
2023-11-08 00:00:00;1.21
2023-11-09 00:00:00;1.36
2023-11-10 00:00:00;1.24
2023-11-13 00:00:00;1.35
2023-11-14 00:00:00;1.13
2023-11-15 00:00:00;1.38
2023-11-16 00:00:00;1.39
2023-11-17 00:00:00;1.46
2023-11-20 00:00:00;1.32
2023-11-21 00:00:00;1.32
2023-11-22 00:00:00;1.22
2023-11-24 00:00:00;1.63
2023-11-27 00:00:00;1.45
2023-11-28 00:00:00;1.31
2023-11-29 00:00:00;1.24
2023-11-30 00:00:00;1.23
2023-12-01 00:00:00;1.2
2023-12-04 00:00:00;1.25
2023-12-05 00:00:00;1.26
2023-12-06 00:00:00;1.22
2023-12-07 00:00:00;1.32
2023-12-08 00:00:00;1.25
2023-12-11 00:00:00;1.44
2023-12-12 00:00:00;1.49
2023-12-13 00:00:00;1.14
2023-12-14 00:00:00;1.28
2023-12-15 00:00:00;1.48
2023-12-18 00:00:00;1.43
2023-12-19 00:00:00;1.23
2023-12-20 00:00:00;1.55
2023-12-21 00:00:00;1.3
2023-12-22 00:00:00;1.31
2023-12-26 00:00:00;1.4
2023-12-27 00:00:00;1.32
2023-12-28 00:00:00;1.24
2023-12-29 00:00:00;1.33
2024-01-02 00:00:00;1.36
2024-01-03 00:00:00;1.37
2024-01-04 00:00:00;1.22
2024-01-05 00:00:00;1.38
2024-01-08 00:00:00;1.23
2024-01-09 00:00:00;1.29
2024-01-10 00:00:00;1.19
2024-01-11 00:00:00;1.25
2024-01-12 00:00:00;1.34
2024-01-16 00:00:00;1.4
2024-01-17 00:00:00;1.42
2024-01-18 00:00:00;1.28
2024-01-19 00:00:00;1.27
2024-01-22 00:00:00;1.34
2024-01-23 00:00:00;1.23
2024-01-24 00:00:00;1.31
2024-01-25 00:00:00;1.3
2024-01-26 00:00:00;1.34
2024-01-29 00:00:00;1.34
2024-01-30 00:00:00;1.44
2024-01-31 00:00:00;1.27
2024-02-01 00:00:00;1.31
2024-02-02 00:00:00;1.3
2024-02-05 00:00:00;1.3
2024-02-06 00:00:00;1.26
2024-02-07 00:00:00;1.35
2024-02-08 00:00:00;1.23
2024-02-09 00:00:00;1.45
2024-02-12 00:00:00;1.35
2024-02-13 00:00:00;1.51
2024-02-14 00:00:00;1.57
2024-02-15 00:00:00;1.29
2024-02-16 00:00:00;1.49
2024-02-20 00:00:00;1.35
2024-02-21 00:00:00;1.45
2024-02-22 00:00:00;1.26
2024-02-23 00:00:00;1.34
2024-02-26 00:00:00;1.38
2024-02-27 00:00:00;1.39
2024-02-28 00:00:00;1.37
2024-02-29 00:00:00;1.28
2024-03-01 00:00:00;1.32
2024-03-04 00:00:00;1.48
2024-03-05 00:00:00;1.32
2024-03-06 00:00:00;1.29
2024-03-07 00:00:00;1.33
2024-03-08 00:00:00;1.4
2024-03-11 00:00:00;1.53
2024-03-12 00:00:00;1.44
2024-03-13 00:00:00;1.46
2024-03-14 00:00:00;1.4
2024-03-15 00:00:00;1.42
2024-03-18 00:00:00;1.51
2024-03-19 00:00:00;1.38
2024-03-20 00:00:00;1.51
2024-03-21 00:00:00;1.35
2024-03-22 00:00:00;1.54
2024-03-25 00:00:00;1.59
2024-03-26 00:00:00;1.52
2024-03-27 00:00:00;1.43
2024-03-28 00:00:00;1.39
2024-04-01 00:00:00;1.41
2024-04-02 00:00:00;1.4
2024-04-03 00:00:00;1.41
2024-04-04 00:00:00;1.35
2024-04-05 00:00:00;1.66
2024-04-08 00:00:00;1.54
2024-04-09 00:00:00;1.38
2024-04-10 00:00:00;1.37
2024-04-11 00:00:00;1.37
2024-04-12 00:00:00;1.44
2024-04-15 00:00:00;1.37
2024-04-16 00:00:00;1.37
2024-04-17 00:00:00;1.39
2024-04-18 00:00:00;1.42
2024-04-19 00:00:00;1.44
2024-04-22 00:00:00;1.36
2024-04-23 00:00:00;1.37
2024-04-24 00:00:00;1.25
2024-04-25 00:00:00;1.23
2024-04-26 00:00:00;1.42
2024-04-29 00:00:00;1.38
2024-04-30 00:00:00;1.27
2024-05-01 00:00:00;1.39
2024-05-02 00:00:00;1.33
2024-05-03 00:00:00;1.37
2024-05-06 00:00:00;1.45
2024-05-07 00:00:00;1.39
2024-05-08 00:00:00;1.36
2024-05-09 00:00:00;1.24
2024-05-10 00:00:00;1.38
2024-05-13 00:00:00;1.46
2024-05-14 00:00:00;1.33
2024-05-15 00:00:00;1.32
2024-05-16 00:00:00;1.34
2024-05-17 00:00:00;1.47
2024-05-20 00:00:00;1.43
2024-05-21 00:00:00;1.4
2024-05-22 00:00:00;1.45
2024-05-23 00:00:00;1.33
2024-05-24 00:00:00;1.45
2024-05-28 00:00:00;1.44
2024-05-29 00:00:00;1.45
2024-05-30 00:00:00;1.26
2024-05-31 00:00:00;1.24
2024-06-03 00:00:00;1.26
2024-06-04 00:00:00;1.29
2024-06-05 00:00:00;1.31
2024-06-06 00:00:00;1.31
2024-06-07 00:00:00;1.27
2024-06-10 00:00:00;1.26
2024-06-11 00:00:00;1.3
2024-06-12 00:00:00;1.23
2024-06-13 00:00:00;1.41
2024-06-14 00:00:00;1.58
2024-06-17 00:00:00;1.32
2024-06-18 00:00:00;1.47
2024-06-20 00:00:00;1.44
2024-06-21 00:00:00;1.34
2024-06-24 00:00:00;1.43
2024-06-25 00:00:00;1.33
2024-06-26 00:00:00;1.28
2024-06-27 00:00:00;1.23
2024-06-28 00:00:00;1.2
2024-07-01 00:00:00;1.47
2024-07-02 00:00:00;1.32
2024-07-03 00:00:00;1.4
2024-07-05 00:00:00;1.43
2024-07-08 00:00:00;1.35
2024-07-09 00:00:00;1.48
2024-07-10 00:00:00;1.23
2024-07-11 00:00:00;1.18
2024-07-12 00:00:00;1.26
2024-07-15 00:00:00;1.27
2024-07-16 00:00:00;1.4
2024-07-17 00:00:00;1.34
2024-07-18 00:00:00;1.35
2024-07-19 00:00:00;1.32
2024-07-22 00:00:00;1.31
2024-07-23 00:00:00;1.31
2024-07-24 00:00:00;1.38
2024-07-25 00:00:00;1.34
2024-07-26 00:00:00;1.43
2024-07-29 00:00:00;1.37
2024-07-30 00:00:00;1.38
2024-07-31 00:00:00;1.53
2024-08-01 00:00:00;1.33
2024-08-02 00:00:00;1.96
2024-08-05 00:00:00;2.71
2024-08-06 00:00:00;1.54
2024-08-07 00:00:00;1.52
2024-08-08 00:00:00;1.4
2024-08-09 00:00:00;1.38
2024-08-12 00:00:00;1.53
2024-08-13 00:00:00;1.2
2024-08-14 00:00:00;1.19
2024-08-15 00:00:00;1.18
2024-08-16 00:00:00;1.41
2024-08-19 00:00:00;1.14
2024-08-20 00:00:00;1.26
2024-08-21 00:00:00;1.29
2024-08-22 00:00:00;1.16
2024-08-23 00:00:00;1.29
2024-08-26 00:00:00;1.18
2024-08-27 00:00:00;1.4
2024-08-28 00:00:00;1.26
2024-08-29 00:00:00;1.37
2024-08-30 00:00:00;1.25
2024-09-03 00:00:00;1.31
2024-09-04 00:00:00;1.38
2024-09-05 00:00:00;1.32
2024-09-06 00:00:00;1.43
2024-09-09 00:00:00;1.43
2024-09-10 00:00:00;1.32
2024-09-11 00:00:00;1.12
2024-09-12 00:00:00;1.22
2024-09-13 00:00:00;1.39
2024-09-16 00:00:00;1.32
2024-09-17 00:00:00;1.3
2024-09-18 00:00:00;1.57
2024-09-19 00:00:00;1.37
2024-09-20 00:00:00;1.38
2024-09-23 00:00:00;1.43
2024-09-24 00:00:00;1.39
2024-09-25 00:00:00;1.37
2024-09-26 00:00:00;1.18
2024-09-27 00:00:00;1.43
2024-09-30 00:00:00;1.35
2024-10-01 00:00:00;1.4
2024-10-02 00:00:00;1.55
2024-10-03 00:00:00;1.52
2024-10-04 00:00:00;1.5
2024-10-07 00:00:00;1.39
2024-10-08 00:00:00;1.44
2024-10-09 00:00:00;1.3
2024-10-10 00:00:00;1.32
2024-10-11 00:00:00;1.46
2024-10-14 00:00:00;1.31
2024-10-15 00:00:00;1.44
2024-10-16 00:00:00;1.42
2024-10-17 00:00:00;1.34
2024-10-18 00:00:00;1.43
2024-10-21 00:00:00;1.43
2024-10-22 00:00:00;1.28
2024-10-23 00:00:00;1.3
2024-10-24 00:00:00;1.24
2024-10-25 00:00:00;1.38
2024-10-28 00:00:00;1.46
2024-10-29 00:00:00;1.22
2024-10-30 00:00:00;1.33
2024-10-31 00:00:00;1.39
2024-11-01 00:00:00;1.59
2024-11-04 00:00:00;1.57
2024-11-05 00:00:00;1.23
2024-11-06 00:00:00;1.38
2024-11-07 00:00:00;1.29
2024-11-08 00:00:00;1.38
2024-11-11 00:00:00;1.31
2024-11-12 00:00:00;1.22
2024-11-13 00:00:00;1.26
2024-11-14 00:00:00;1.29
2024-11-15 00:00:00;1.34
2024-11-18 00:00:00;1.25
2024-11-19 00:00:00;1.35
2024-11-20 00:00:00;1.17
2024-11-21 00:00:00;1.21
2024-11-22 00:00:00;1.37
2024-11-25 00:00:00;1.27
2024-11-26 00:00:00;1.28
2024-11-27 00:00:00;1.28
2024-11-29 00:00:00;1.27
2024-12-02 00:00:00;1.48
2024-12-03 00:00:00;1.33
2024-12-04 00:00:00;1.4
2024-12-05 00:00:00;1.2
2024-12-06 00:00:00;1.58
2024-12-09 00:00:00;1.37
2024-12-10 00:00:00;1.52
2024-12-11 00:00:00;1.24
2024-12-12 00:00:00;1.32
2024-12-13 00:00:00;1.38
2024-12-16 00:00:00;1.36
2024-12-17 00:00:00;1.28
2024-12-18 00:00:00;1.42
2024-12-19 00:00:00;1.66
2024-12-20 00:00:00;1.31
2024-12-23 00:00:00;1.19
2024-12-24 00:00:00;1.06
2024-12-26 00:00:00;1.12
2024-12-27 00:00:00;1.26
2024-12-30 00:00:00;1.2
2024-12-31 00:00:00;1.18
2025-01-02 00:00:00;1.29
2025-01-03 00:00:00;1.24
2025-01-06 00:00:00;1.21
2025-01-07 00:00:00;1.36
2025-01-08 00:00:00;1.37
2025-01-09 00:00:00;1.95
2025-01-10 00:00:00;1.46
2025-01-13 00:00:00;1.33
2025-01-14 00:00:00;1.16
2025-01-15 00:00:00;1.22
2025-01-16 00:00:00;1.25
2025-01-17 00:00:00;1.28
2025-01-21 00:00:00;1.29
2025-01-22 00:00:00;1.42
2025-01-23 00:00:00;1.15
2025-01-24 00:00:00;1.22
2025-01-27 00:00:00;1.37
2025-01-28 00:00:00;1.11
2025-01-29 00:00:00;1.1
2025-01-30 00:00:00;1.2
2025-01-31 00:00:00;1.28
2025-02-03 00:00:00;1.25
2025-02-04 00:00:00;1.28
2025-02-05 00:00:00;1.17
2025-02-06 00:00:00;1.15
2025-02-07 00:00:00;1.25
2025-02-10 00:00:00;1.34
2025-02-11 00:00:00;1.36
2025-02-12 00:00:00;1.27
2025-02-13 00:00:00;1.24
2025-02-14 00:00:00;1.47
2025-02-18 00:00:00;1.35
2025-02-19 00:00:00;1.47
2025-02-20 00:00:00;1.19
2025-02-21 00:00:00;1.41
2025-02-24 00:00:00;1.47
2025-02-25 00:00:00;1.29
2025-02-26 00:00:00;1.22
2025-02-27 00:00:00;1.22
2025-02-28 00:00:00;1.34
2025-03-03 00:00:00;1.32
2025-03-04 00:00:00;1.28
2025-03-05 00:00:00;1.24
2025-03-06 00:00:00;1.11
2025-03-07 00:00:00;1.27
2025-03-10 00:00:00;1.37
2025-03-11 00:00:00;1.18
2025-03-12 00:00:00;1.27
2025-03-13 00:00:00;1.26
2025-03-14 00:00:00;1.42
2025-03-17 00:00:00;1.17
2025-03-18 00:00:00;1.18
2025-03-19 00:00:00;1.34
2025-03-20 00:00:00;1.22
2025-03-21 00:00:00;1.18
2025-03-24 00:00:00;1.17
2025-03-25 00:00:00;1.11
2025-03-26 00:00:00;1.33
2025-03-27 00:00:00;1.27
2025-03-28 00:00:00;1.27
2025-03-31 00:00:00;1.29
2025-04-01 00:00:00;1.23
2025-04-02 00:00:00;1.17
2025-04-03 00:00:00;1.54
2025-04-04 00:00:00;1.78
2025-04-07 00:00:00;1.95
2025-04-08 00:00:00;1.77
2025-04-09 00:00:00;1.5
2025-04-10 00:00:00;1.46
2025-04-11 00:00:00;1.27
2025-04-14 00:00:00;1.25
2025-04-15 00:00:00;1.36
2025-04-16 00:00:00;1.47
2025-04-17 00:00:00;1.36
2025-04-21 00:00:00;1.32
2025-04-22 00:00:00;1.18
2025-04-23 00:00:00;1.2
2025-04-24 00:00:00;1.33
2025-04-25 00:00:00;1.36
2025-04-28 00:00:00;1.16
2025-04-29 00:00:00;1.21
2025-04-30 00:00:00;1.05
2025-05-01 00:00:00;1.19
2025-05-02 00:00:00;1.28
2025-05-05 00:00:00;1.29
2025-05-06 00:00:00;1.23
2025-05-07 00:00:00;1.28
2025-05-08 00:00:00;1.14
2025-05-09 00:00:00;1.24
2025-05-12 00:00:00;1.3
2025-05-13 00:00:00;1.13
2025-05-14 00:00:00;1.08
2025-05-15 00:00:00;1.07
2025-05-16 00:00:00;1.12
2025-05-19 00:00:00;1.21
2025-05-20 00:00:00;1.15
2025-05-21 00:00:00;1.25
2025-05-22 00:00:00;1.18
2025-05-23 00:00:00;1.38
2025-05-27 00:00:00;1.41
2025-05-28 00:00:00;1.15
2025-05-29 00:00:00;1.15
2025-05-30 00:00:00;1.19
2025-06-02 00:00:00;1.13
2025-06-03 00:00:00;1.19
2025-06-04 00:00:00;1.19
2025-06-05 00:00:00;1.23
2025-06-06 00:00:00;1.36
2025-06-09 00:00:00;1.17
2025-06-10 00:00:00;1.28
2025-06-11 00:00:00;1.26
2025-06-12 00:00:00;1.4
2025-06-13 00:00:00;1.4
2025-06-16 00:00:00;1.32
2025-06-17 00:00:00;1.48
2025-06-18 00:00:00;1.45
2025-06-20 00:00:00;1.38
2025-06-23 00:00:00;1.3
2025-06-24 00:00:00;1.24
2025-06-25 00:00:00;1.14
2025-06-26 00:00:00;1.09
2025-06-27 00:00:00;1.13
2025-06-30 00:00:00;1.04
2025-07-01 00:00:00;1.26
2025-07-02 00:00:00;1.26
2025-07-03 00:00:00;1.18
2025-07-07 00:00:00;1.24
2025-07-08 00:00:00;1.25
2025-07-09 00:00:00;1.13
2025-07-10 00:00:00;1.1
2025-07-11 00:00:00;1.27
2025-07-14 00:00:00;1.29
2025-07-15 00:00:00;1.2
2025-07-16 00:00:00;1.27
2025-07-17 00:00:00;1.16
2025-07-18 00:00:00;1.18
2025-07-21 00:00:00;1.25
2025-07-22 00:00:00;1.23
2025-07-23 00:00:00;1.1
2025-07-24 00:00:00;1.27
2025-07-25 00:00:00;1.25
2025-07-28 00:00:00;1.19
2025-07-29 00:00:00;1.3
2025-07-30 00:00:00;1.26
2025-07-31 00:00:00;1.26
2025-08-01 00:00:00;1.36
2025-08-04 00:00:00;1.23
2025-08-05 00:00:00;1.3
2025-08-06 00:00:00;1.17
2025-08-07 00:00:00;1.1
2025-08-08 00:00:00;1.17
2025-08-11 00:00:00;1.16
2025-08-12 00:00:00;1.25
2025-08-13 00:00:00;1.06
2025-08-14 00:00:00;1.26
2025-08-15 00:00:00;1.22
2025-08-18 00:00:00;1.15
2025-08-19 00:00:00;1.31
2025-08-20 00:00:00;1.22
2025-08-21 00:00:00;1.14
2025-08-22 00:00:00;1.18
2025-08-25 00:00:00;1.2
2025-08-26 00:00:00;1.29
2025-08-27 00:00:00;1.13
2025-08-28 00:00:00;1.19
2025-08-29 00:00:00;1.18
2025-09-02 00:00:00;1.19
2025-09-03 00:00:00;1.15
2025-09-04 00:00:00;1.24
2025-09-05 00:00:00;1.15
2025-09-08 00:00:00;1.14
2025-09-09 00:00:00;1.27
2025-09-10 00:00:00;1.26
2025-09-11 00:00:00;1.12
2025-09-12 00:00:00;1.29
2025-09-15 00:00:00;1.32
2025-09-16 00:00:00;1.24
2025-09-17 00:00:00;1.33
2025-09-18 00:00:00;1.12
2025-09-19 00:00:00;1.25
2025-09-22 00:00:00;1.12
2025-09-23 00:00:00;1.34
2025-09-24 00:00:00;1.3
2025-09-25 00:00:00;1.28
2025-09-26 00:00:00;1.17
2025-09-29 00:00:00;1.1
2025-09-30 00:00:00;1.16
2025-10-01 00:00:00;1.11
2025-10-02 00:00:00;1.15
2025-10-03 00:00:00;1.3
2025-10-06 00:00:00;1.18
2025-10-07 00:00:00;1.22
2025-10-08 00:00:00;1.15
2025-10-09 00:00:00;1.22
2025-10-10 00:00:00;1.36
2025-10-13 00:00:00;1.31
2025-10-14 00:00:00;1.31
2025-10-15 00:00:00;1.13
2025-10-16 00:00:00;1.25
2025-10-17 00:00:00;1.28
2025-10-20 00:00:00;1.28
2025-10-21 00:00:00;1.37
2025-10-22 00:00:00;1.29
2025-10-23 00:00:00;1.16
2025-10-24 00:00:00;1.17
2025-10-27 00:00:00;1.14
2025-10-28 00:00:00;1.02
2025-10-29 00:00:00;1.04
2025-10-30 00:00:00;1.24
2025-10-31 00:00:00;1.1
2025-11-03 00:00:00;1.18
2025-11-04 00:00:00;1.28
2025-11-05 00:00:00;1.12
2025-11-06 00:00:00;1.2
2025-11-07 00:00:00;1.21
2025-11-10 00:00:00;1.07
2025-11-11 00:00:00;1.15
2025-11-12 00:00:00;1.04
2025-11-13 00:00:00;1.11
2025-11-14 00:00:00;1.26
